module,status,first_error_location
string.py,ok,""
functools.py,ok,""
operator.py,ok,""
numbers.py,ok,""
fractions.py,ok,""
abc.py,ok,""
enum.py,ok,""
copy.py,ok,""
contextlib.py,ok,""
io.py,ok,""
textwrap.py,ok,""
statistics.py,ok,""
collections/__init__.py,ok,""
collections/abc.py,ok,""
json/__init__.py,ok,""
json/decoder.py,ok,""
json/encoder.py,ok,""
json/tool.py,ok,""
urllib/parse.py,ok,""
urllib/error.py,ok,""
re/__init__.py,ok,""
re/_parser.py,ok,""
re/_compiler.py,ok,""
datetime.py,ok,""
_pydatetime.py,ok,""
dataclasses.py,ok,""
typing.py,ok,""
pathlib.py,ok,""
os.py,ok,""
shutil.py,ok,""
tempfile.py,ok,""
inspect.py,ok,""
warnings.py,ok,""
traceback.py,ok,""
ast.py,ok,""
tokenize.py,ok,""
pickle.py,ok,""
weakref.py,ok,""
unittest/__init__.py,ok,""
unittest/case.py,ok,""
logging/__init__.py,ok,""
logging/handlers.py,ok,""
argparse.py,ok,""
configparser.py,ok,""
threading.py,ok,""
subprocess.py,ok,""
queue.py,ok,""
socket.py,ok,""
ssl.py,ok,""
http/__init__.py,ok,""
http/client.py,ok,""
email/__init__.py,ok,""
email/message.py,ok,""
email/parser.py,ok,""
zipfile/__init__.py,ok,""
tarfile.py,ok,""
gzip.py,ok,""
base64.py,ok,""
hashlib.py,ok,""
hmac.py,ok,""
secrets.py,ok,""
uuid.py,ok,""
xml/etree/ElementTree.py,ok,""
decimal.py,ok,""
random.py,ok,""
heapq.py,ok,""
bisect.py,ok,""
