verdict	orig_or_new	subsystem	func:line	param	sink	pattern
FAILED	NEW	gdm724x	gdm_usb_sdu_send:735	len	memcpy	(none)
FAILED	NEW	gdm724x	gdm_usb_sdu_send:739	len	memcpy	(none)
FAILED	NEW	gdm724x	netlink_send:113	len	memcpy	(none)
FAILED	NEW	media	av7110_vbi_write:621	count	copy_from_user	(none)
FAILED	NEW	media	ci_ll_write:152	count	copy_from_user	(none)
FAILED	NEW	media	copy_from_compatible:2043	n	copy_from_user	(none)
FAILED	NEW	media	copy_from_compatible:2045	n	memcpy	(none)
FAILED	NEW	media	dvb_aplay:560	count	copy_from_user	(none)
FAILED	NEW	media	dvb_play:496	count	copy_from_user	(none)
FAILED	NEW	media	dvb_play:496	len	copy_from_user	(none)
FAILED	NEW	media	gpioirq:609	count	memcpy	(none)
FAILED	NEW	media	irdebi:398	count	memcpy	(none)
FAILED	NEW	media	irdebi:398	len	memcpy	(none)
FAILED	NEW	media	mwdebi:388	count	memcpy	(none)
FAILED	NEW	media	mwdebi:388	len	memcpy	(none)
FAILED	NEW	media	write_ipack:126	len	memcpy	(none)
FAILED	NEW	rtl8192e	prism2_wep_set_key:187	len	memcpy	(none)
FAILED	NEW	rtl8192e	rtllib_auth_challenge:1008	len	memcpy	(none)
FAILED	NEW	rtl8723bs	_cfg80211_rtw_mgmt_tx:2511	len	memcpy	(none)
FAILED	NEW	rtl8723bs	rtw_buf_update:138	len	memcpy	(none)
FAILED	NEW	rtl8723bs	rtw_check_beacon_data:841	len	memcpy	(none)
FAILED	NEW	rtl8723bs	rtw_set_fixed_ie:111	len	memcpy	(none)
FAILED	NEW	rtl8723bs	rtw_set_ie:128	len	memcpy	(none)
FAILED	NEW	rtl8723bs	rtw_set_wps_assoc_resp:1061	len	memcpy	(none)
FAILED	NEW	rtl8723bs	rtw_set_wps_beacon:1003	len	memcpy	(none)
FAILED	NEW	rtl8723bs	rtw_set_wps_probe_resp:1034	len	memcpy	(none)
FAILED	orig	fieldbus	_anybus_mbox_cmd:840	count	memcpy	(none)
FAILED	orig	fieldbus	_anybus_mbox_cmd:841	count	memcpy	(none)
FAILED	orig	fieldbus	_anybus_mbox_cmd:854	count	memcpy	(none)
FAILED	orig	fieldbus	anybuss_read_fbctrl:1074	count	memcpy	(none)
FAILED	orig	fieldbus	anybuss_read_output:1124	size	copy_to_user	(none)
FAILED	orig	fieldbus	create_area_user_writer:671	count	copy_from_user	(none)
FAILED	orig	fieldbus	create_area_user_writer:671	size	copy_from_user	(none)
FAILED	orig	fieldbus	create_area_writer:652	count	memcpy	(none)
FAILED	orig	gdm724x	gdm_mux_send:377	len	memcpy	(none)
FAILED	orig	greybus	gb_hid_set_report:117	len	memcpy	(none)
FAILED	orig	greybus	gb_loopback_operation_sync:395	len	memcpy	(none)
FAILED	orig	greybus	gb_raw_send:136	count	copy_from_user	(none)
FAILED	orig	greybus	gb_spi_operation_create:274	len	memcpy	(none)
FAILED	orig	media	dvb_filter_pes2ts:113	len	memcpy	(none)
FAILED	orig	media	esparser_queue_eos:267	len	memcpy	(none)
FAILED	orig	media	hmm_store:401	size	memcpy	(none)
FAILED	orig	media	hmm_store:411	size	memcpy	(none)
FAILED	orig	media	hmm_store:444	size	memcpy	(none)
FAILED	orig	most	comp_vdev_read:178	count	copy_to_user	(none)
FAILED	orig	rts5208	ext_sd_get_rsp:3731	len	memcpy	(none)
FAILED	orig	vc04_services	memcpy_copy_callback:867	size	memcpy	(none)
SUCCESSFUL	NEW	gdm724x	gdm_usb_hci_send:781	len	memcpy	buffer
SUCCESSFUL	NEW	rtl8723bs	rtw_mgmt_xmitframe_coalesce:1211	len	memcpy	offset-bounded
SUCCESSFUL	NEW	vme_user	buffer_from_user:190	count	copy_from_user	offset-bounded
SUCCESSFUL	NEW	vme_user	buffer_to_user:169	count	copy_to_user	offset-bounded
SUCCESSFUL	NEW	vme_user	resource_from_user:147	count	copy_from_user	(none)
SUCCESSFUL	orig	greybus	gb_loopback_async_operation:486	len	memcpy	gb
SUCCESSFUL	orig	greybus	gb_loopback_operation_sync:385	len	memcpy	gb
SUCCESSFUL	orig	greybus	gb_raw_send:136	len	copy_from_user	buffer
SUCCESSFUL	orig	greybus	receive_data:84	len	memcpy	buffer
SUCCESSFUL	orig	media	write_ipack:126	count	memcpy	offset-bounded
SUCCESSFUL	orig	vc04_services	vchiq_ioc_copy_element_data:93	size	copy_from_user	offset-bounded
